,pred_mode,prob_mean_arith,odds_mean_geom
2,0.9069644696189494,0.9079685890834193,0.9079685890834193
3,0.9077794502099346,0.908096332092212,0.9081082151627979
4,0.9073952309276725,0.9077794502099342,0.907848768121683
5,0.9080146156342145,0.9077677299211382,0.9078100531862372
