,acc,mcc,tp,tn,fp,fn,auroc,auprc
test,0.6328125,0.27343698966744534,35,46,17,30,0.6832722832722833,0.6771883009144086
