,acc,mcc,tp,tn,fp,fn,auroc,auprc
test,0.6796875,0.36889135696953534,38,49,14,27,0.732967032967033,0.6685440648124289
